#OTU ID,GA188repBS600,GA1811S1400,GA1824S1400,GA1829SLM1400,GA1813I1400,GA1815S1400,GA181S1400,GA1836S900,GA1827S1400,GA1831I1000,GA184S600,GA181repBS600,GA183I1400,GA1811S600,GA1829I600,GA1829I1400,GA181S600,GA1837I600,GA1831S1400,GA1814I600,GA1833S1400,GA1823SLM1400,GA1817S1400,GA1813S1400,GA1832S600,GA1824I1400,GA1813S600,GA1826S600,GA1837S600,GA186S600,GA182S1400,GA1835I1400,GA1828SLM1400,GA182I1400,GA187repBI600,GA188S600,GA1834I1400,GA1833S600,GA1825SLM1400,GA1836S1400,GA183S600,GA1824SLM1400,GA1830I600,GA1832I600,GA183I600,GA1834S1400,GA185I600,GA1817S600,GA182repBI600,GA1825I600,GA187S1400,GA1826SLM1400,GA1828S600,GA1834S600,GA184I1400,GA1829S1400,GA1824S600,GA1827S600,GA1814S1400,GA187I600,GA1830I1400,GA1830S1400,GA1814S600,GA182S600,GA188I1400,GA1810S600,GA183S1400,GA1828I600,GA1817I600,GA1813I600,GA1820SLM1400,GA186S1400,GA1832S1400,GA1818SLM1400,GA1826I600,GA1812S600,GA1815S600,GA188S1400,GA1828S1400,GA1836I1700,GA1827SLM1400,GA1810S1400,GA185repBS600,GA1835S1400,GA1812S1400,GA185S600,GA1822SLM1400,GA1830S600,GA1811I1400,GA185S1400,GA186I1400,GA1825S600,GA1833I600,GA1819SLM1400,GA1836I900,GA1831repBS600,GA184S1400,GA1810I1400,GA1810I600,GA1824I600,GA1837S1400,GA1821SLM1400,GA187S600,GA1831S1000,GA1826Za600,GA1813Za1400,GA188Za600,GA1830Zb600,GA1815Za1400,GA1815Zb1400,GA187Za600,GA1831Zb600,GA183Zb1400,GA1812Zb1400,GA1826Za1400,GA1836Za900,GA1828Za600,GA1837Za600,GA1834Za1400,GA1836Zb1700,GA1837Zb1400,GA1828Zb600,GA1833Za1400,GA1829Zb1400,GA1825Za600,GA1829Za600,GA1826Zb600,GA1813Zb600,GA1814Zb1400,GA1824Za600,GA1829Zb600,GA1835Zb1400,GA1833Zb600,GA1811Za1400,GA1834Zb600,GA185Zb600,GA1835Za1400,GA1812Zb600,GA187Za1400,GA1817Za600,GA184Za1400,GA1833Za600,GA1817Zb600,GA1831Za1000,GA1831Zb1400,GA1824Zb1400,GA1830Za600,GA1810Za600,GA1826Zb1400,GA1810Zb1400,GA182Za1400,GA1827Za1400,GA1824Za1400,GA1810Zb600,GA1813Za600,GA1815Zb600,GA1814Za1400,GA1834Zb1400,GA186Za1400,GA1811Za600,GA1827Za600,GA182Zb1400,GA181Za600,GA1828Zb1400,GA1812Za600,GA188Zb1400,GA184Zb600,GA1832Za1400,GA1814Zb600,GA186Zb1400,GA184Zb1400,GA1834Za600,GA1830Zb1400,GA1833Zb1400,GA1817Za1400,GA186Zb600,GA181Za1400,GA183Zb600,GA1814Za600,GA187Zb1400,GA188Zb600,GA1836Zb900,GA1812Za1400,GA1828Za1400,GA1815Za600,GA188Za1400,GA1811Zb600,GA1830Za1400,GA187Zb600,GA1837Zb600,GA1817Zb1400,GA182Zb600,GA1824Zb600,GA1831Zb1000,GA1811Zb1400,GA1832Zb1400,GA186Za600,GA1836Za1700,GA183Za600,GA1825Zb600,GA1827Zb1400,GA182Za600,GA181Zb600,GA185Za600,GA1836Zb1400,GA185Zb1400,GA1831Za1400,GA1831Za600,GA1813Zb1400,GA1832Zb600,GA1829Za1400,GA183Za1400,GA184Za600,GA1832Za600,GA1810Za1400,GA1837Za1400,GA1827Zb600,GA185Za1400,GA181Zb1400,GA1836Za1400,GA1824Rb1400,GA1828Ra1400,GA185Rb600,GA1817Ra600,GA1824Rb600,GA1812Ra1400,GA1831Rb1400,GA182Ra600,GA1833Ra600,GA1831Ra1400,GA1837Ra600,GA1827Rb600,GA183Rb600,GA1831Ra600,GA184Rb1400,GA1835Ra1400,GA1829Ra1400,GA1833Ra1400,GA184Ra600,GA1810Rb1400,GA1834Ra1400,GA182Rb1400,GA1814Ra1400,GA184Rb600,GA1836Ra1400,GA1830Ra1400,GA1817Rb600,GA1829Rb600,GA181Rb600,GA1826Ra600,GA1836Rb1400,GA1826Rb600,GA1817Rb1400,GA1826Rb1400,GA1829Ra600,GA1824Ra1400,GA1817Ra1400,GA1837Ra1400,GA1824Ra600,GA1813Ra600,GA188Ra600,GA1827Ra600,GA1811Rb1400,GA184Ra1400,GA187Rb600,GA1837Rb600,GA186Ra600,GA1813Rb600,GA1831Ra1000,GA1832Rb600,GA1834Ra600,GA188Ra1400,GA1828Ra600,GA1836Rb900,GA185Ra1400,GA1811Ra600,GA1833Rb600,GA186Rb1400,GA1814Ra600,GA183Ra600,GA1814Rb600,GA181Rb1400,GA183Ra1400,GA1827Rb1400,GA1830Ra600,GA181Ra600,GA1836Ra900,GA1828Rb1400,GA183Rb1400,GA186Rb600,GA1815Rb1400,GA1832Rb1400,GA182Ra1400,GA1837Rb1400,GA187Rb1400,GA1825Rb600,GA1828Rb600,GA1836Ra1700,GA1830Rb600,GA1836Rb1700,GA1829Rb1400,GA1813Rb1400,GA1814Rb1400,GA181Ra1400,GA1813Ra1400,GA1815Ra1400,GA1834Rb600,GA1810Ra1400,GA1815Ra600,GA1826Ra1400,GA182Rb600,GA185Ra600,GA187Ra1400,GA1831Rb1000,GA1811Rb600,GA188Rb1400,GA1815Rb600,GA1836Ka1400,GA183Ka600,GA188Kb600,GA1817Kb1400,GA187Kb600,GA1811Kb1400,GA1813Kb600,GA186Ka600,GA1825Kb600,GA1828Ka1400,GA1834Ka600,GA1812Ka1400,GA1810Kb600,GA1831Ka1000,GA1830Ka1400,GA184Ka600,GA185Ka1400,GA183Ka1400,GA1837Kb1400,GA187Ka600,GA1831Kb600,GA1810Kb1400,GA185Ka600,GA1835Kb1400,GA1812Kb1400,GA1824Kb600,GA182Ka600,GA1832Ka1400,GA1827Kb1400,GA1833Ka600,GA1836Ka1700,GA1817Kb600,GA1814Kb600,GA1811Ka600,GA1812Ka600,GA1834Kb1400,GA1829Kb600,GA1815Kb600,GA1810Ka1400,GA1826Kb1400,GA1824Ka600,GA1828Ka600,GA1826Ka1400,GA181Kb600,GA1836Kb1400,GA182Kb600,GA1831Ka600,GA1828Kb600,GA1832Kb1400,GA1814Ka1400,GA1829Kb1400,GA1834Ka1400,GA1810Ka600,GA1827Ka600,GA1824Ka1400,GA183Kb1400,GA184Ka1400,GA181Ka1400,GA1829Ka1400,GA1812Kb600,GA1815Ka1400,GA1834Kb6002,GA1827Ka1400,GA1825Ka600,GA184Kb1400,GA1830Ka600,GA1814Kb1400,GA182Ka1400,GA188Ka1400,GA1836Ka900,GA1813Ka600,GA1834Kb6001,GA1836Kb900,GA1811Ka1400,GA187Kb1400,GA1829Ka600,GA1832Ka600,GA186Kb1400,GA188Kb1400,GA1817Ka1400,GA1830Kb600,GA1832Kb600,GA1830Kb1400,GA1824Kb1400,GA184Kb600,GA1814Ka600,GA182Kb1400,GA181Kb1400,GA181Ka600,GA1836Kb1700,GA1811Kb600,GA1837Kb600,GA1837Ka600,GA186Kb600,GA1831Ka1400,GA187Ka1400,GA186Ka1400,GA1817Ka600,GA1831Kb1400,GA1815Ka600,GA185Kb600,GA1826Kb600,GA1815Kb1400,GA1828Kb1400,GA1837Ka1400,GA1827Kb600,GA1831Kb1000,GA183Kb600,GA1813Kb1400,GA1813Ka1400,GA1833Kb1400,GA188Ka600,GA1833Ka1400
21fea5a828528f9f769f8ac07c6c63fd,0,0,0,0,0,0,0,0,0,0,0,0,0,0,0,0,0,0,0,0,0,0,0,0,0,0,0,0,0,0,0,0,0,0,0,0,0,0,0,0,0,0,0,0,0,0,0,0,0,0,0,0,0,0,0,0,0,0,0,0,0,0,0,4,0,0,0,0,0,0,0,0,0,0,0,0,0,0,0,0,0,0,0,0,0,0,0,0,0,0,0,0,0,0,0,0,0,0,0,0,0,0,0,0,0,0,0,0,0,0,0,0,7,0,0,0,0,0,0,0,0,0,0,0,0,0,0,0,0,0,0,0,0,0,0,0,0,0,0,0,0,0,0,0,0,0,0,0,0,0,0,0,0,0,0,0,0,0,0,0,0,0,0,0,0,0,0,0,0,0,0,0,0,0,0,0,0,0,0,0,0,0,0,0,0,0,0,0,0,0,0,0,0,0,0,0,0,0,0,0,0,0,0,0,0,0,0,0,0,0,0,0,0,0,0,0,0,0,0,0,0,0,0,0,0,0,0,0,0,0,0,0,0,0,0,0,0,0,0,0,0,0,0,0,0,0,0,0,0,0,0,0,0,0,0,0,0,0,0,0,0,0,0,0,0,0,0,0,0,0,0,0,0,0,0,0,0,0,0,0,0,0,0,0,0,0,0,0,0,0,0,0,0,0,0,0,0,0,0,0,0,0,0,0,0,0,0,0,0,0,0,0,0,0,0,0,0,0,0,0,0,0,0,0,0,0,0,0,0,0,0,0,0,0,0,0,0,0,0,0,0,0,0,0,0,0,0,0,0,0,0,0,0,0,0,0,0,0,0,0,0,0,0,0,0,0,0,0,0,0,0,0,0,0,0,0,0,0,0,0,0,0,0,0,0,0,0,0,0,0,0,0,0,0,0,0,0,0,0,0,0,0,0,0,0,0,0,0,0,0,0,0,0,0,0,0,0,0,0,0,0,0,0,0,0,0,0,0,0,0
62cf494f2a0bf4d132a5871d6a30c590,0,0,0,0,0,0,0,0,0,0,0,0,0,0,0,0,0,0,0,0,0,0,0,0,0,0,0,0,0,0,0,0,0,0,0,0,0,0,0,0,0,0,0,0,2,0,0,0,0,0,0,0,0,0,0,0,0,0,0,0,4,0,0,0,0,0,0,0,0,0,0,0,0,0,0,0,0,0,0,0,0,0,0,0,0,0,0,0,0,0,0,0,0,0,0,0,0,0,0,0,0,0,0,0,0,0,0,0,0,0,0,0,0,0,0,0,0,0,0,0,0,0,0,0,0,0,0,0,0,0,0,0,0,0,0,0,0,0,0,0,0,0,0,5,0,0,0,0,0,0,0,0,0,0,0,0,0,0,0,0,0,0,0,0,0,0,0,0,0,0,0,0,0,0,0,0,0,0,0,0,0,0,0,0,0,0,0,0,0,0,0,0,0,0,0,0,0,0,0,0,0,0,0,0,0,0,0,0,0,0,0,0,0,0,0,0,0,0,0,0,0,0,0,0,0,0,0,0,0,0,0,0,0,0,0,0,0,0,0,0,0,0,0,0,0,0,0,0,0,0,0,0,0,0,0,0,0,0,0,0,0,0,0,0,0,0,0,0,0,0,0,0,0,0,0,0,0,0,0,0,0,0,0,0,0,0,0,0,0,0,0,0,0,0,0,0,0,0,0,0,0,0,0,0,0,0,0,0,0,0,0,0,0,0,0,0,0,0,0,0,0,0,0,0,0,0,0,0,0,0,0,0,0,0,0,0,0,0,0,0,0,0,0,0,0,0,0,0,0,0,0,0,0,0,0,0,0,0,0,0,0,0,0,0,0,0,0,0,0,0,0,0,0,0,0,0,0,0,0,0,0,0,0,0,0,0,0,0,0,0,0,0,0,0,0,0,0,0,0,0,0,0,0,0,0,0,0,0,0,0,0,0,0,0,0,0,0,0,0,0,0,0,0,0,0,0,0,0,0,0
e92a1c4aa6ffccd5dbcc75809a1acf32,0,0,0,0,0,0,0,0,0,0,0,0,0,0,0,0,0,0,0,0,0,0,0,0,0,0,0,0,0,0,0,0,0,0,0,0,0,0,0,0,0,0,0,3,0,0,0,0,2,0,0,0,0,0,0,0,0,0,0,0,0,0,0,0,0,0,0,0,0,0,0,0,0,0,0,0,0,0,0,0,0,0,0,0,0,0,0,0,0,0,0,0,0,0,0,0,0,0,2,0,0,0,0,0,0,3,0,0,0,0,0,0,0,0,0,0,0,0,0,0,0,0,0,0,0,0,0,0,0,0,0,0,0,0,0,0,0,0,3,0,0,0,0,0,0,0,0,0,0,0,0,0,0,0,0,0,0,0,0,0,0,0,0,0,0,0,0,0,0,0,0,0,0,0,0,0,0,0,0,0,0,0,0,0,0,0,0,0,0,0,0,0,0,0,4,0,0,0,0,0,0,0,0,0,0,0,0,249,0,0,0,0,0,0,0,0,0,0,0,0,0,0,0,0,0,0,0,0,0,0,0,0,0,0,0,0,0,0,0,0,0,0,0,0,0,0,0,0,0,0,0,0,0,0,0,0,0,0,0,0,0,0,0,0,0,0,0,0,0,0,0,0,0,0,0,0,0,0,0,0,0,0,0,0,0,0,0,0,0,0,0,0,0,0,0,0,0,0,0,0,0,0,0,0,0,0,0,0,0,4,0,0,0,0,0,0,0,0,0,0,0,0,0,0,0,0,0,0,0,0,0,0,0,0,0,0,0,0,0,0,0,0,0,0,0,0,0,0,0,0,0,0,0,0,0,0,0,0,0,0,0,0,0,0,0,0,0,0,0,0,0,0,0,0,0,0,0,0,0,0,0,0,0,0,0,0,0,0,0,0,0,0,0,0,0,0,0,0,0,0,0,0,0,0,0,0,0,0,0,0,0,0,0,0,0,0,0,0,0,0,0,0,0,0,0,0,0,0,0,0
69c066159f1d8e648429592acb810535,0,0,0,0,0,0,0,0,0,0,0,0,0,0,0,0,0,0,0,0,0,0,0,0,0,0,0,0,0,0,0,0,0,0,0,2,0,0,0,0,0,0,0,0,0,0,0,0,0,0,0,0,0,0,0,0,0,0,0,0,0,0,0,0,0,0,0,0,0,0,0,0,0,0,0,0,0,0,0,0,0,0,0,0,0,0,0,0,2,0,0,0,0,0,0,0,0,0,0,0,0,0,0,0,0,0,0,0,2,0,0,0,0,0,0,0,0,0,0,0,0,0,0,0,0,0,0,0,0,0,0,0,0,0,0,0,0,0,0,0,0,0,0,0,0,0,0,0,0,0,0,0,0,0,0,0,0,0,0,0,0,0,0,0,0,0,0,0,0,0,0,0,0,0,0,0,0,0,0,0,0,0,0,0,0,0,0,0,0,0,0,0,0,0,4,0,0,0,0,0,0,0,0,0,0,0,0,0,0,0,0,0,0,0,0,0,0,0,0,0,0,0,0,0,0,0,0,0,0,0,0,0,0,0,0,0,0,0,0,0,0,0,0,0,0,0,0,0,0,0,0,0,0,0,0,0,0,0,0,0,0,0,0,0,0,0,0,0,0,0,0,0,0,0,0,0,0,0,0,0,0,0,0,0,0,0,0,0,0,0,0,0,0,0,0,0,0,0,0,0,0,0,0,0,0,0,0,0,0,0,0,0,0,0,0,0,0,0,0,0,0,0,0,0,0,0,0,0,0,0,0,0,0,0,0,0,0,0,0,0,0,0,0,0,0,0,0,0,0,0,0,0,0,0,0,0,0,0,0,0,0,0,0,0,0,0,0,0,0,0,0,0,0,0,0,0,0,0,0,0,0,0,0,0,0,0,0,0,0,0,0,0,0,0,0,0,0,0,0,0,0,0,0,0,0,0,0,0,0,0,0,0,0,0,0,0,0,0,0,0,0,0,0,0,0,0,0,0,0,0
f29f7d48f7e0e68126565da5f74ac39c,0,0,0,0,0,0,0,0,0,0,0,0,0,0,0,0,0,0,0,0,0,0,0,0,0,0,2,0,0,0,0,0,3,0,0,0,0,0,7,0,0,0,0,0,0,0,0,0,0,0,0,0,4,0,0,0,0,0,3,0,0,0,0,2,0,0,0,0,0,0,0,0,0,0,0,0,0,0,0,0,0,0,0,0,0,0,0,0,0,0,0,0,0,0,0,0,0,0,0,2,0,0,0,0,0,0,0,0,0,0,0,0,0,0,0,0,0,0,0,0,0,0,0,0,0,0,0,0,0,0,0,0,0,0,0,0,0,0,0,0,0,0,0,0,0,0,0,0,0,0,0,0,0,0,0,0,0,0,0,0,0,0,0,0,0,0,0,0,0,0,0,0,0,0,0,0,0,0,0,0,0,0,0,0,0,0,0,0,0,0,0,0,0,0,0,0,0,0,0,0,0,0,0,0,0,0,0,0,0,0,0,0,0,0,0,0,0,0,0,0,0,0,0,0,0,0,0,0,0,0,0,0,0,0,0,0,0,0,0,0,0,0,0,0,0,0,0,0,0,0,0,0,0,0,0,0,0,0,0,0,0,0,0,0,0,0,0,0,0,0,0,0,0,0,0,0,0,0,0,0,0,0,0,0,0,0,0,0,0,0,0,0,0,0,0,0,0,0,0,0,0,0,0,0,0,0,0,0,0,0,0,0,0,0,0,0,0,0,0,0,0,0,0,0,0,0,0,0,0,0,0,0,0,0,0,0,0,0,0,0,0,0,0,0,0,0,0,0,0,0,0,0,0,0,0,0,0,0,0,0,0,0,0,0,0,0,0,0,0,0,0,0,0,0,0,0,0,0,0,0,0,0,0,0,0,0,0,0,0,0,0,0,0,0,0,0,0,0,0,0,0,0,0,0,0,0,0,0,0,0,0,0,0,0,0,0,0,0,0,0,0,0,0,0,0,0,0,0,0,0
ed036bd647c14cdfc29d65f19946e7ac,0,0,0,0,0,0,0,0,0,0,0,0,0,0,0,0,0,0,0,0,0,0,0,0,0,0,0,0,0,0,0,0,0,0,0,0,0,0,0,0,0,0,0,0,0,0,0,0,3,0,0,0,0,0,0,0,0,0,0,0,0,0,0,4,0,0,0,0,0,0,0,0,0,0,0,0,0,0,0,0,0,0,0,0,0,0,0,0,0,0,0,0,0,0,0,0,0,0,0,0,0,0,0,0,0,0,0,0,0,0,0,0,0,0,0,0,0,0,0,0,0,0,0,0,0,0,0,0,0,0,0,0,0,0,0,0,0,0,0,0,0,0,0,0,0,0,0,0,0,0,0,0,0,0,0,0,0,0,0,0,0,0,0,0,0,0,0,0,0,0,0,0,0,0,0,0,0,0,0,0,0,0,0,0,0,0,0,0,0,0,0,0,0,0,0,0,0,0,0,0,0,0,0,0,0,0,0,0,0,0,0,0,0,0,0,0,0,0,0,0,0,0,0,0,0,0,0,0,0,0,0,0,0,0,0,0,0,0,0,0,0,0,0,0,0,0,0,0,11,0,0,0,0,0,0,0,0,0,0,0,0,0,0,0,0,0,0,0,0,0,0,0,0,0,0,0,0,0,0,0,0,0,0,0,0,0,0,0,0,0,0,0,0,0,0,0,0,0,0,0,0,0,0,0,0,0,0,0,0,0,0,0,0,0,0,0,0,0,0,0,0,0,0,0,0,0,0,0,0,0,0,0,0,0,0,0,0,0,0,0,0,0,0,0,0,0,0,0,0,0,0,0,0,0,0,0,0,0,0,0,0,0,0,0,0,0,0,0,0,0,0,0,0,0,0,0,0,0,0,0,0,0,0,0,0,0,0,0,0,0,0,0,0,0,0,0,0,0,0,0,0,0,0,0,0,0,0,0,0,0,0,0,0,0,0,0,0,0,0,0,0,0,0,0,0,0,0,0,0,0
b9e1e044bc10faa615f3ad54ca5247cf,0,0,0,0,0,0,0,0,0,0,0,0,0,0,0,0,0,0,0,0,0,0,0,0,0,0,0,0,0,0,0,0,0,0,0,0,0,0,0,0,0,0,0,0,0,0,0,0,0,0,0,0,0,0,0,0,0,0,0,0,0,0,0,0,0,0,0,0,0,0,0,0,0,0,0,114,0,0,0,0,0,0,0,0,0,0,0,0,0,0,0,0,0,0,0,0,0,0,0,0,0,0,0,0,0,0,0,0,0,0,0,0,0,0,0,0,0,0,0,0,0,0,0,0,0,0,0,0,0,0,0,0,0,0,0,0,0,0,0,0,0,0,0,0,0,0,0,0,0,0,0,0,0,0,0,0,0,0,0,0,0,0,0,0,0,0,0,0,0,0,0,0,0,0,0,0,0,0,0,0,0,0,0,0,0,0,0,0,0,0,0,0,0,0,0,0,0,0,0,0,0,0,0,0,0,0,0,0,0,0,0,0,0,0,0,0,0,0,0,0,0,0,0,0,0,0,0,0,0,0,0,0,0,0,0,0,0,0,0,0,0,0,0,0,0,0,0,0,0,0,0,0,0,0,0,0,0,0,0,0,0,0,0,0,0,0,0,0,0,0,0,0,0,0,0,0,0,0,0,0,0,0,0,0,0,0,0,0,0,0,0,0,0,0,0,0,0,0,0,0,0,0,0,0,0,0,0,0,0,0,0,0,0,0,0,0,0,0,0,0,0,0,0,0,0,0,0,0,0,0,0,0,0,0,0,0,0,0,0,0,0,0,0,0,0,0,0,0,0,0,0,0,0,0,0,0,0,0,0,0,0,0,0,0,0,0,0,0,0,0,0,0,0,0,0,0,0,0,0,0,0,0,0,0,0,0,0,0,0,0,0,0,0,0,0,0,0,0,0,0,0,0,0,0,0,0,0,0,0,0,0,0,0,0,0,0,0,0,0,0,0,0,0,0,0,0,0,0,0,0
1c1b0db748f5c8c0ef6339d4bdd5c702,0,0,0,0,0,0,0,0,0,0,0,0,0,0,0,0,0,0,0,0,0,0,0,0,0,0,0,0,0,0,0,0,0,0,0,0,0,0,0,0,0,0,0,0,0,0,0,0,0,0,0,0,0,0,0,0,0,0,0,0,0,0,0,0,0,0,0,0,0,0,0,0,0,0,0,17,0,0,0,0,0,0,0,0,0,0,0,0,0,0,0,0,0,0,0,0,0,0,0,0,0,0,0,0,0,0,0,0,0,0,0,0,0,0,0,0,0,0,0,0,0,0,0,0,0,0,0,0,0,0,0,0,0,0,0,0,0,0,0,0,0,0,0,0,0,0,0,0,0,0,0,0,0,0,0,0,0,0,0,0,0,0,0,0,0,0,0,0,0,0,0,0,0,0,0,0,0,0,0,0,0,0,0,0,0,0,0,0,0,0,0,0,0,0,0,0,0,0,0,0,0,0,0,0,0,0,0,0,0,0,0,0,0,0,0,0,0,0,0,0,0,0,0,0,0,0,0,0,0,0,0,0,0,0,0,0,0,0,0,0,0,0,0,0,0,0,0,0,0,0,0,0,0,0,0,0,0,0,0,0,0,0,0,0,0,0,0,0,0,0,0,0,0,2,0,0,0,0,0,0,0,0,0,0,0,0,0,0,0,0,0,1,0,0,0,0,0,0,0,0,0,0,0,0,0,0,0,0,0,0,0,0,0,0,0,0,0,0,4,0,0,0,0,0,415,0,0,0,0,0,0,0,0,0,0,0,0,0,0,0,0,0,0,0,0,0,97,0,0,0,0,0,0,0,0,0,0,0,0,0,0,0,0,8,0,0,10,0,0,0,0,0,0,0,0,0,0,0,0,0,0,0,0,0,0,0,0,0,0,1,0,0,0,0,0,0,0,0,0,0,0,0,15,0,0,4,0,0,20,0,0,0,0,0,16,0,0,4,0,0,0,0,0,0,0,0,0,0,0,0
5323c6dd766d629cc750b0aabb4aaf72,0,0,0,0,0,0,0,0,0,3,0,0,0,0,0,2,0,2,0,6,0,0,0,0,0,0,0,0,0,0,0,0,0,0,0,0,3,2,0,0,0,0,0,0,0,0,0,0,0,0,0,0,0,0,0,0,0,2,0,0,0,0,0,0,4,0,0,0,0,2,0,0,0,2,2,0,0,0,0,2,0,0,0,0,0,2,0,0,0,0,4,0,0,0,0,0,0,2,0,0,0,0,0,0,0,0,0,0,0,0,0,0,0,0,0,0,0,0,0,0,0,0,0,0,0,0,0,0,0,0,0,0,0,0,0,0,0,0,0,0,0,0,0,0,0,0,0,0,0,0,0,0,0,0,0,0,0,0,0,0,0,0,0,0,0,0,0,0,0,0,0,0,0,0,0,0,0,0,0,0,0,0,0,0,0,0,0,0,0,0,0,0,0,0,0,0,0,0,0,0,0,0,0,0,0,0,0,0,0,0,0,0,0,0,0,0,0,0,0,0,8,28,80,7,391,77,3,22,15,5,172,676,152,5211,211,19,19,2,89,62,19,0,16,26,3,15,42,7,16,27,15,29,10,2,48,13,13,0,4435,0,33,53,10,65,11,366,17,42,59,48,21,3,20,6,68,57,28,11,136,171,70,3,23,62,102,38,8,6,2,4,3,12,32,5,35,22,20,4,5,2,21,4,23,3,37,16,44,10,56,84,57,142,15,9,48,2,90,0,0,0,0,0,0,0,0,0,0,0,0,0,0,0,0,0,0,0,0,0,0,0,0,0,0,0,0,0,0,0,0,0,0,0,0,0,0,0,0,0,0,0,0,0,0,0,0,0,0,0,0,0,0,0,0,0,0,0,0,0,0,0,0,0,0,0,0,0,0,0,0,0,0,0,0,0,0,0,0,0,0,0,0,0,0,0,0,0,0,0,0,0,0,0,0,0,0,0,0,0,0,0,0,0,0,0,0,0,0,0,0,0
afaed5ec275ac0659717b7cc0eff238a,0,0,0,0,0,0,0,0,0,0,0,0,0,0,0,0,0,0,0,0,0,0,0,0,0,0,0,0,0,0,0,0,0,0,0,0,0,0,0,0,0,0,0,0,0,0,0,0,0,0,0,0,0,0,0,0,0,0,0,0,0,0,0,0,0,0,0,0,0,0,0,0,0,0,0,53,0,0,0,0,0,0,0,0,0,0,0,0,0,0,0,0,0,0,0,0,0,0,0,0,0,0,0,0,0,0,0,0,0,0,0,0,0,0,0,0,0,0,0,0,0,0,0,0,0,0,0,0,0,0,0,0,0,0,0,0,0,0,0,0,0,0,0,0,0,0,0,0,0,0,0,0,0,0,0,0,0,0,0,0,0,0,0,0,0,0,0,0,0,0,0,0,0,0,0,0,0,0,0,0,0,0,0,0,0,0,0,0,0,0,0,0,0,0,0,0,0,0,0,0,0,0,0,0,0,0,0,0,0,0,0,0,0,0,0,0,0,0,0,0,0,0,0,0,0,0,0,0,0,0,0,0,0,0,0,0,0,0,0,0,0,0,0,0,0,0,0,0,0,0,0,0,0,0,0,0,0,0,0,0,0,0,0,0,0,0,0,0,0,0,0,0,0,0,0,0,0,0,0,0,0,0,0,0,0,0,0,0,0,0,0,0,0,0,0,0,0,0,0,0,0,0,0,0,0,0,0,0,0,0,0,0,0,0,0,0,0,0,0,0,0,0,0,0,0,0,0,0,0,0,0,0,0,0,0,0,0,0,0,0,0,0,0,0,0,0,0,0,0,0,0,0,0,0,0,0,0,0,0,0,0,0,0,0,0,0,0,0,0,0,0,0,0,0,0,0,0,0,0,0,0,0,0,0,0,0,0,0,0,0,0,0,0,0,0,0,0,0,0,0,0,0,0,0,0,0,0,0,0,0,0,0,0,0,0,0,0,0,0,0,0,0,0,0,0,0,0,0,0,0
